Nome da Campanha,Objetivo,Público-Alvo,Formato do Conteúdo Desejado,Canal de Divulgação,Nicho de Mercado,Ações e Comportamentos Esperados do Creator,Comportamentos Indesejados ou Proibidos,Informações Adicionais,Briefing
dfwewde,weffwdfs,wfdfe,wdfds,afddf,dfdsaaf,dsa\z,dfsad\,sdf,"**Briefing da Campanha: dfwewde**

**Propósito da Campanha:**
A campanha dfwewde tem como objetivo promover a conscientização sobre weffwdfs e incentivar a ação por parte do público-alvo.

**Público-Alvo:**
O público-alvo da campanha é composto por wfdfe, com interesse em temas relacionados a weffwdfs.

**Mensagens Principais:**
- Destacar a importância de weffwdfs na sociedade.
- Incentivar a reflexão e ação em prol de weffwdfs.
- Promover a conscientização sobre weffwdfs.

**Tom de Voz:**
O tom de voz da campanha deve ser empático, educativo e inspirador, buscando engajar o público-alvo de forma positiva e motivadora.

**Diretrizes Visuais e Detalhes Relevantes:**
- As cores predominantes devem ser suaves e inspiradoras, transmitindo serenidade e esperança.
- Elementos visuais como ícones relacionados a weffwdfs podem ser utilizados para reforçar a mensagem da campanha.
- O conteúdo visual deve ser claro, objetivo e impactante, para captar a atenção do público de forma eficaz.

**Formato do Conteúdo Desejado:**
O conteúdo desejado para a campanha dfwewde inclui posts nas redes sociais, vídeos curtos, artigos informativos, infográficos e outros formatos criativos que possam gerar engajamento.

**Canal de Divulgação:**
O canal de divulgação principal será afddf, onde o creator poderá alcançar o público-alvo de forma eficaz e interativa.

**Ações e Comportamentos Esperados do Creator:**
- Criar conteúdo relevante e autêntico relacionado ao tema da campanha.
- Engajar de forma positiva com a audiência, respondendo a comentários e interagindo de forma construtiva.
- Transmitir a mensagem da campanha de forma clara e impactante, incentivando a ação e conscientização.

**Comportamentos Indesejados ou Proibidos:**
- Divulgar informações falsas ou sensacionalistas.
- Envolvimento em polêmicas ou comportamentos inadequados nas redes sociais.
- Desrespeitar ou ofender o público-alvo da campanha ou qualquer outra parte envolvida.

Espero que esse briefing ajude o creator a compreender melhor o propósito e as diretrizes da campanha dfwewde."
